Program Index,Program,File Reference Type,Number of Screens
42,AR410,Display File,8
413,CCSELW,Display File,11
444,CONVTT,Database File,1
765,HP100,Display File,8
766,HP1000,Display File,11
767,HP1002,Display File,14
768,HP1005,Display File,8
769,HP1007,Display File,9
770,HP1008,Display File,10
771,HP1009,Display File,8
772,HP101,Display File,8
773,HP1010,Display File,8
774,HP1011,Display File,10
775,HP1012,Display File,8
776,HP1013,Display File,8
777,HP1014,Display File,8
778,HP1015,Display File,8
779,HP1016,Display File,8
779,HP1016,Database File,1
780,HP1018,Display File,8
781,HP102,Display File,8
782,HP1020,Display File,11
783,HP1021,Display File,8
784,HP1022,Display File,8
785,HP1023,Display File,8
786,HP1026,Display File,8
791,HP103,Display File,10
792,HP1030,Display File,8
793,HP1032,Display File,8
794,HP1033,Display File,8
795,HP1041,Display File,8
796,HP1042,Display File,8
797,HP1043,Display File,8
798,HP1046,Display File,8
799,HP1047,Display File,8
800,HP1048,Display File,8
800,HP1048,Database File,1
801,HP1049,Display File,8
802,HP105,Display File,8
803,HP106,Display File,8
804,HP1062,Display File,10
804,HP1062,Database File,1
805,HP1067,Display File,10
805,HP1067,Database File,1
806,HP107,Display File,8
807,HP108,Display File,8
808,HP1082,Display File,10
809,HP1083,Display File,8
810,HP109,Display File,8
811,HP1096,Database File,1
812,HP110,Display File,8
813,HP113,Display File,7
814,HP1131,Display File,8
815,HP114,Display File,8
816,HP115,Display File,8
817,HP116,Display File,8
818,HP117,Display File,8
819,HP118,Display File,8
819,HP118,Database File,1
820,HP120,Display File,11
821,HP1200,Display File,10
822,HP121,Display File,8
823,HP122,Display File,8
824,HP123,Display File,8
825,HP124,Display File,8
826,HP125,Display File,8
827,HP126,Display File,8
828,HP127,Display File,10
829,HP128,Display File,10
830,HP129,Display File,10
830,HP129,Database File,1
831,HP130,Display File,10
832,HP131,Display File,8
833,HP132,Display File,10
834,HP133,Display File,8
835,HP134,Display File,10
836,HP135,Display File,10
837,HP136,Display File,16
837,HP136,Database File,1
841,HP137,Display File,12
843,HP139,Display File,10
843,HP139,Database File,1
846,HP140,Display File,8
846,HP140,Database File,1
847,HP141,Display File,8
848,HP142,Display File,10
848,HP142,Database File,1
849,HP143,Display File,8
850,HP145,Display File,10
850,HP145,Database File,1
851,HP146,Display File,10
851,HP146,Database File,1
852,HP147,Display File,8
853,HP149,Display File,10
854,HP150,Display File,8
855,HP151,Display File,10
856,HP152,Display File,10
857,HP153,Display File,10
858,HP154,Display File,9
859,HP155,Display File,10
860,HP156,Display File,10
861,HP157,Display File,10
861,HP157,Database File,1
862,HP158,Display File,10
862,HP158,Database File,1
863,HP159,Display File,8
864,HP160,Display File,10
865,HP161,Display File,10
866,HP165,Display File,11
866,HP165,Database File,1
867,HP169,Display File,11
867,HP169,Database File,1
868,HP1700,Display File,8
869,HP1701,Display File,10
870,HP1702,Display File,10
872,HP1703,Display File,8
873,HP1704,Display File,8
874,HP1705,Display File,8
875,HP1706,Display File,8
876,HP1707,Display File,10
877,HP1708,Display File,10
878,HP1709,Display File,8
879,HP1710,Display File,8
880,HP1711,Display File,8
881,HP1712,Display File,8
882,HP1713,Display File,8
883,HP1714,Display File,10
884,HP1715,Display File,10
885,HP1717,Display File,10
886,HP1718,Display File,11
887,HP1720,Display File,8
888,HP173,Display File,10
889,HP179,Display File,10
891,HP186,Display File,10
891,HP186,Database File,1
893,HP201,Database File,2
895,HP202,Database File,2
917,HP205,Database File,2
923,HP207,Database File,2
925,HP2082,Database File,1
933,HP213,Database File,1
954,HP226,Database File,1
968,HP236,Database File,1
973,HP240,Database File,1
983,HP246,Database File,1
985,HP247,Database File,1
988,HP250,Database File,1
1004,HP264,Database File,1
1011,HP269,Database File,1
1018,HP274,Database File,1
1021,HP277,Database File,1
1024,HP278,Database File,1
1025,HP278TERR,Database File,1
1048,HP303,Database File,1
1061,HP3071,Database File,1
1066,HP3080,Database File,1
1081,HP311,Database File,1
1113,HP342,Database File,1
1114,HP343,Database File,1
1115,HP344,Database File,1
1116,HP346,Database File,1
1176,HP388,Database File,1
1181,HP394,Database File,1
1182,HP395,Database File,1
1183,HP397,Database File,1
1185,HP400,Display File,10
1186,HP4000,Display File,10
1188,HP4005,Display File,10
1189,HP4006,Display File,10
1190,HP4007,Display File,16
1192,HP4008,Display File,10
1193,HP4009,Display File,10
1196,HP401,Display File,10
1197,HP4010,Display File,10
1199,HP4011,Display File,22
1202,HP4012,Display File,10
1204,HP4013,Display File,10
1206,HP4014,Display File,10
1208,HP4015,Display File,10
1210,HP4016,Display File,10
1212,HP4018,Display File,10
1215,HP402,Display File,10
1216,HP4020,Display File,10
1218,HP4021,Display File,10
1220,HP4022,Display File,10
1221,HP4023,Display File,10
1222,HP4024,Display File,16
1224,HP4025,Display File,15
1226,HP4026,Display File,10
1237,HP403,Display File,8
1237,HP403,Database File,1
1238,HP4030,Display File,10
1240,HP4032,Display File,10
1242,HP4033,Display File,10
1243,HP4034,Display File,8
1247,HP4035,Display File,8
1250,HP404,Display File,8
1257,HP4042,Display File,10
1259,HP4043,Display File,10
1261,HP4045,Display File,10
1262,HP4046,Display File,10
1263,HP4047,Display File,10
1264,HP4048,Display File,10
1266,HP4049,Display File,10
1269,HP405,Display File,10
1270,HP4051,Display File,9
1274,HP4053,Display File,8
1276,HP4054,Display File,8
1278,HP4056,Display File,8
1280,HP4057,Display File,8
1283,HP406,Display File,10
1284,HP4060,Display File,8
1285,HP4061,Display File,8
1287,HP4063,Display File,8
1289,HP4064,Display File,8
1291,HP4065,Display File,8
1292,HP4066,Display File,8
1294,HP4068,Display File,8
1296,HP4069,Display File,8
1299,HP407,Display File,10
1300,HP4070,Display File,8
1302,HP4071,Display File,8
1304,HP4074,Display File,8
1306,HP4075,Display File,8
1308,HP4076,Display File,8
1310,HP4077,Display File,8
1312,HP4078,Display File,8
1314,HP4079,Display File,8
1317,HP408,Display File,10
1318,HP4080,Display File,8
1318,HP4080,Database File,1
1320,HP4081,Display File,8
1322,HP4082,Display File,8
1324,HP4083,Display File,10
1325,HP4084,Display File,8
1327,HP4085,Display File,8
1327,HP4085,Database File,1
1328,HP4086,Display File,8
1329,HP4087,Display File,8
1330,HP4088,Display File,8
1333,HP409,Display File,10
1334,HP4094,Display File,8
1335,HP4095,Display File,8
1336,HP4096,Display File,8
1336,HP4096,Database File,1
1337,HP4097,Display File,8
1339,HP4098,Display File,8
1339,HP4098,Database File,1
1340,HP4099,Display File,8
1343,HP410,Display File,10
1345,HP411,Display File,8
1345,HP411,Database File,1
1347,HP412,Display File,10
1349,HP413,Display File,10
1350,HP4131,Display File,10
1351,HP4139,Display File,8
1353,HP414,Display File,10
1355,HP415,Display File,8
1356,HP416,Display File,8
1358,HP417,Display File,10
1360,HP418,Display File,10
1361,HP419,Display File,8
1363,HP420,Display File,10
1364,HP422,Display File,10
1366,HP423,Display File,8
1368,HP424,Display File,8
1370,HP425,Display File,10
1372,HP426,Display File,10
1374,HP428,Display File,8
1376,HP429,Display File,10
1377,HP430,Display File,10
1378,HP431,Display File,10
1379,HP432,Display File,8
1381,HP433,Display File,10
1382,HP434,Display File,8
1384,HP435,Display File,10
1385,HP436,Display File,8
1387,HP437,Display File,8
1389,HP438,Display File,8
1391,HP439,Display File,10
1392,HP440,Display File,10
1393,HP4409,Display File,15
1394,HP441,Display File,10
1395,HP4410,Display File,15
1396,HP4411,Display File,15
1397,HP4412,Display File,15
1398,HP4413,Display File,15
1399,HP4414,Display File,15
1400,HP4415,Display File,15
1402,HP4417,Display File,15
1403,HP4418,Display File,14
1404,HP4419,Display File,15
1405,HP442,Display File,8
1406,HP4422,Display File,15
1408,HP443,Display File,8
1408,HP443,Database File,1
1409,HP4430,Display File,15
1410,HP4431,Display File,15
1413,HP444,Display File,8
1413,HP444,Database File,1
1414,HP4440,Display File,15
1416,HP4448,Display File,15
1416,HP4448,Database File,1
1418,HP445,Display File,11
1419,HP446,Display File,11
1420,HP447,Display File,8
1422,HP448,Display File,8
1423,HP4483,Display File,15
1425,HP4484,Display File,15
1428,HP449,Display File,8
1430,HP450,Display File,10
1432,HP451,Display File,14
1433,HP452,Display File,8
1434,HP453,Display File,8
1436,HP454,Display File,8
1436,HP454,Database File,1
1438,HP455,Display File,8
1438,HP455,Database File,1
1440,HP456,Display File,8
1442,HP457,Display File,8
1445,HP459,Display File,8
1445,HP459,Database File,1
1447,HP460,Display File,8
1449,HP461,Display File,8
1451,HP462,Display File,8
1453,HP463,Display File,8
1455,HP464,Display File,8
1455,HP464,Database File,1
1457,HP465,Display File,8
1459,HP466,Display File,8
1459,HP466,Database File,1
1461,HP467,Display File,8
1463,HP468,Display File,8
1465,HP469,Display File,8
1465,HP469,Database File,1
1467,HP470,Display File,8
1468,HP4700,Display File,10
1470,HP4701,Display File,10
1472,HP4702,Display File,10
1474,HP4708,Display File,15
1476,HP4709,Display File,8
1479,HP471,Display File,8
1480,HP4710,Display File,8
1482,HP4715,Display File,8
1483,HP4718,Display File,10
1486,HP472,Display File,8
1487,HP4720,Display File,10
1490,HP473,Display File,8
1491,HP474,Display File,8
1493,HP475,Display File,8
1495,HP476,Display File,8
1495,HP476,Database File,1
1500,HP477,Display File,8
1504,HP478,Display File,8
1504,HP478,Database File,1
1506,HP479,Display File,8
1507,HP480,Display File,8
1507,HP480,Database File,1
1509,HP481,Display File,8
1511,HP482,Display File,8
1513,HP483,Display File,8
1515,HP484,Display File,8
1515,HP484,Database File,1
1518,HP485,Display File,8
1519,HP486,Display File,10
1520,HP487,Display File,8
1522,HP489,Display File,8
1524,HP490,Display File,8
1524,HP490,Database File,1
1526,HP491,Display File,8
1526,HP491,Database File,1
1528,HP492,Display File,8
1530,HP493,Display File,8
1532,HP494,Display File,8
1534,HP495,Display File,8
1536,HP496,Display File,8
1538,HP497,Display File,8
1538,HP497,Database File,1
1540,HP498,Display File,8
1542,HP500,Display File,15
1543,HP5001,Display File,14
1544,HP5002,Display File,15
1545,HP5003,Display File,16
1546,HP5004,Display File,15
1547,HP5005,Display File,15
1548,HP5006,Display File,15
1549,HP5007,Display File,15
1550,HP5008,Display File,15
1551,HP5009,Display File,14
1552,HP501,Display File,15
1553,HP5010,Display File,15
1554,HP5011,Display File,15
1555,HP5012,Display File,15
1556,HP5013,Display File,15
1557,HP5014,Display File,15
1558,HP5015,Display File,15
1559,HP5016,Display File,15
1560,HP5017,Display File,14
1561,HP5018,Display File,15
1562,HP5019,Display File,15
1563,HP502,Display File,14
1564,HP5020,Display File,15
1565,HP5021,Display File,15
1566,HP5022,Display File,15
1567,HP5023,Display File,15
1568,HP5024,Display File,15
1569,HP5025,Display File,15
1570,HP5026,Display File,15
1571,HP5027,Display File,15
1572,HP5028,Display File,15
1573,HP5029,Display File,16
1574,HP503,Display File,15
1575,HP5030,Display File,15
1576,HP5031,Display File,16
1577,HP5032,Display File,15
1578,HP5033,Display File,15
1579,HP5034,Display File,15
1580,HP5035,Display File,15
1581,HP5036,Display File,15
1582,HP5037,Display File,15
1583,HP5038,Display File,15
1584,HP5039,Display File,15
1585,HP504,Display File,15
1586,HP5040,Display File,15
1587,HP5041,Display File,15
1588,HP5042,Display File,15
1589,HP5043,Display File,15
1590,HP5044,Display File,15
1591,HP5045,Display File,15
1592,HP5046,Display File,15
1593,HP5047,Display File,15
1594,HP5048,Display File,15
1595,HP5049,Display File,15
1596,HP505,Display File,15
1597,HP5050,Display File,15
1598,HP5051,Display File,15
1599,HP5052,Display File,15
1600,HP5053,Display File,15
1601,HP5054,Display File,15
1602,HP5055,Display File,15
1603,HP5056,Display File,15
1604,HP5057,Display File,15
1605,HP5058,Display File,15
1606,HP5059,Display File,15
1607,HP506,Display File,15
1608,HP5060,Display File,15
1609,HP5061,Display File,15
1610,HP5062,Display File,15
1611,HP5063,Display File,14
1612,HP5064,Display File,15
1613,HP507,Display File,15
1614,HP508,Display File,15
1615,HP509,Display File,14
1616,HP510,Display File,15
1617,HP511,Display File,15
1618,HP512,Display File,14
1623,HP513W,Display File,14
1628,HP514W,Display File,14
1629,HP515,Display File,15
1630,HP516,Display File,15
1631,HP517,Display File,14
1632,HP518,Display File,15
1633,HP519,Display File,15
1634,HP520,Display File,15
1635,HP521,Display File,14
1636,HP522,Display File,14
1637,HP523,Display File,15
1638,HP524,Display File,15
1639,HP525,Display File,14
1640,HP526,Display File,14
1641,HP527,Display File,15
1642,HP528,Display File,15
1643,HP529,Display File,14
1644,HP530,Display File,15
1645,HP531,Display File,15
1646,HP532,Display File,15
1647,HP533,Display File,15
1648,HP534,Display File,15
1649,HP535,Display File,14
1650,HP536,Display File,14
1651,HP537,Display File,14
1652,HP538,Display File,16
1653,HP539,Display File,15
1654,HP540,Display File,15
1655,HP541,Display File,15
1656,HP542,Display File,15
1657,HP543,Display File,15
1658,HP544,Display File,15
1659,HP545,Display File,15
1660,HP546,Display File,15
1661,HP547,Display File,15
1662,HP548,Display File,15
1663,HP549,Display File,14
1664,HP550,Display File,15
1665,HP551,Display File,15
1666,HP552,Display File,15
1667,HP553,Display File,15
1668,HP554,Display File,15
1669,HP555,Display File,15
1670,HP556,Display File,15
1671,HP557,Display File,15
1672,HP558,Display File,15
1673,HP559,Display File,16
1674,HP560,Display File,14
1675,HP561,Display File,15
1676,HP562,Display File,15
1677,HP563,Display File,14
1678,HP564,Display File,17
1679,HP565,Display File,14
1680,HP566,Display File,15
1681,HP567,Display File,15
1682,HP568,Display File,15
1683,HP569,Display File,15
1684,HP570,Display File,14
1685,HP571,Display File,14
1686,HP572,Display File,14
1687,HP573,Display File,15
1688,HP574,Display File,16
1689,HP575,Display File,15
1690,HP576,Display File,15
1691,HP577,Display File,15
1692,HP578,Display File,14
1693,HP579,Display File,15
1694,HP580,Display File,15
1695,HP581,Display File,15
1696,HP582,Display File,15
1697,HP583,Display File,15
1698,HP584,Display File,15
1699,HP585,Display File,15
1700,HP586,Display File,14
1701,HP587,Display File,15
1702,HP588,Display File,15
1703,HP589,Display File,15
1704,HP590,Display File,15
1705,HP591,Display File,15
1706,HP592,Display File,16
1707,HP593,Display File,15
1708,HP594,Display File,15
1709,HP595,Display File,14
1710,HP5950,Display File,16
1711,HP5951,Display File,15
1712,HP5952,Display File,15
1713,HP5953,Display File,15
1714,HP596,Display File,15
1715,HP597,Display File,14
1716,HP598,Display File,15
1717,HP599,Display File,15
1756,HP6053,Database File,2
1779,HP6085,Database File,1
1796,HP629,Database File,1
1850,HP678,Database File,1
1865,HP696,Database File,1
1868,HP7000,Display File,14
1869,HP7001,Display File,10
1871,HP7006,Display File,10
1872,HP7007,Display File,10
1873,HP701,Display File,10
1874,HP7011,Display File,10
1875,HP7019,Display File,10
1876,HP702,Display File,10
1877,HP7021,Display File,8
1878,HP703,Display File,10
1879,HP7033,Display File,10
1880,HP704,Display File,10
1881,HP705,Display File,8
1882,HP7051,Display File,10
1883,HP7053,Display File,10
1884,HP706,Display File,9
1885,HP7083,Display File,10
1886,HP7085,Display File,9
1886,HP7085,Database File,1
1887,HP711,Display File,10
1888,HP712,Display File,10
1889,HP715,Display File,10
1890,HP716,Display File,10
1891,HP717,Display File,10
1892,HP718,Display File,10
1893,HP720,Display File,10
1894,HP722,Display File,10
1895,HP727,Display File,10
1896,HP728,Display File,10
1897,HP729,Display File,10
1898,HP735,Display File,10
1899,HP736,Display File,10
1900,HP737,Display File,12
1901,HP739,Display File,10
1902,HP740,Display File,8
1902,HP740,Database File,1
1903,HP7404,Display File,10
1904,HP745,Display File,9
1905,HP746,Display File,9
1906,HP749,Display File,10
1907,HP750,Display File,8
1908,HP751,Display File,10
1909,HP752,Display File,10
1910,HP753,Display File,10
1911,HP754,Display File,10
1912,HP755,Display File,10
1913,HP756,Display File,10
1914,HP757,Display File,10
1915,HP758,Display File,10
1916,HP7700,Display File,10
1918,HP7701,Display File,10
1919,HP7702,Display File,10
1920,HP7703,Display File,10
1921,HP7704,Display File,10
1922,HP7705,Display File,10
1923,HP7706,Display File,10
1924,HP7707,Display File,10
1925,HP7708,Display File,10
1926,HP7709,Display File,10
1927,HP7710,Display File,10
1928,HP7711,Display File,8
1929,HP7712,Display File,8
1930,HP7718,Display File,10
1931,HP773,Display File,10
2831,MP102,Display File,8
2832,MP103,Display File,8
2833,MP104,Display File,9
2834,MP105,Display File,8
2846,MP402,Display File,10
2847,MP403,Display File,10
2848,MP404,Display File,11
2849,MP405,Display File,10
2850,MP406,Display File,10
2851,MP440,Display File,8
2853,MP441,Display File,8
2855,MP450,Display File,8
2857,MP451,Display File,8
2859,MP452,Display File,8
2861,MP460,Display File,8
2863,MP508,Display File,15
2864,MP510,Display File,15
2871,MP703,Display File,10
2872,MP704,Display File,9
18972,RO101,Display File,8
18973,RO102,Display File,10
18974,RO103,Display File,8
18975,RO116,Display File,8
19002,RO401,Display File,10
19004,RO408,Display File,10
19005,RO409,Display File,10
19006,RO410,Display File,8
19008,RO412,Display File,8
19010,RO413,Display File,8
19012,RO416,Display File,10
19014,RO500,Display File,15
19015,RO501,Display File,15
19016,RO504,Display File,15
19017,RO505,Display File,15
19018,RO506,Display File,15
19019,RO507,Display File,15
19020,RO512,Display File,15
19021,RO525,Display File,15
19027,RO701,Display File,8
19028,RO702,Display File,10
19029,RO708,Display File,10
19030,RO709,Display File,10
19031,RO711,Display File,16
19035,RO890,Display File,14
19229,TF101,Display File,8
19230,TF104,Display File,8
19231,TF105,Display File,8
19232,TF106,Display File,10
19233,TF107,Display File,10
19234,TF119,Display File,8
19235,TF124,Display File,10
19236,TF130,Display File,8
19237,TF132,Display File,8
19238,TF133,Display File,8
19239,TF134,Display File,10
19240,TF135,Display File,10
19241,TF145,Display File,8
19242,TF150,Display File,8
19243,TF153,Display File,8
19244,TF196,Display File,8
19314,TF401,Display File,10
19315,TF402,Display File,10
19316,TF403,Display File,8
19318,TF404,Display File,10
19319,TF4040,Display File,14
19321,TF405,Display File,10
19322,TF4050,Display File,8
19323,TF4051,Display File,8
19324,TF4052,Display File,14
19327,TF406,Display File,8
19329,TF409,Display File,8
19331,TF410,Display File,8
19333,TF411,Display File,8
19335,TF412,Display File,10
19336,TF4120,Display File,14
19338,TF414,Display File,8
19340,TF415,Display File,8
19342,TF416,Display File,8
19344,TF419,Display File,10
19345,TF4190,Display File,14
19347,TF420,Display File,8
19349,TF421,Display File,8
19351,TF422,Display File,8
19353,TF423,Display File,8
19355,TF424,Display File,8
19357,TF426,Display File,8
19360,TF427,Display File,8
19362,TF429,Display File,8
19364,TF430,Display File,10
19366,TF431,Display File,8
19368,TF432,Display File,10
19369,TF4320,Display File,14
19371,TF433,Display File,10
19372,TF4330,Display File,14
19374,TF440,Display File,8
19376,TF441,Display File,8
19378,TF444,Display File,8
19380,TF445,Display File,10
19381,TF4450,Display File,14
19383,TF446,Display File,8
19385,TF447,Display File,8
19386,TF450,Display File,10
19387,TF4500,Display File,14
19389,TF451,Display File,8
19391,TF452,Display File,8
19393,TF453,Display File,10
19394,TF4530,Display File,14
19396,TF454,Display File,8
19398,TF460,Display File,8
19400,TF461,Display File,8
19402,TF462,Display File,8
19404,TF465,Display File,8
19406,TF470,Display File,8
19408,TF476,Display File,8
19410,TF477,Display File,8
19413,TF496,Display File,10
19415,TF500,Display File,15
19416,TF501,Display File,15
19417,TF502,Display File,15
19418,TF503,Display File,15
19419,TF504,Display File,15
19420,TF505,Display File,15
19421,TF506,Display File,15
19422,TF507,Display File,15
19423,TF508,Display File,15
19424,TF509,Display File,15
19425,TF510,Display File,15
19426,TF511,Display File,15
19427,TF512,Display File,15
19428,TF513,Display File,15
19429,TF514,Display File,15
19430,TF515,Display File,15
19431,TF516,Display File,15
19432,TF517,Display File,15
19433,TF518,Display File,15
19434,TF519,Display File,15
19435,TF520,Display File,15
19436,TF521,Display File,15
19437,TF522,Display File,15
19438,TF523,Display File,15
19439,TF524,Display File,15
19440,TF525,Display File,15
19441,TF526,Display File,15
19442,TF527,Display File,15
19443,TF528,Display File,15
19444,TF529,Display File,16
19445,TF530,Display File,15
19446,TF531,Display File,15
19447,TF532,Display File,15
19448,TF533,Display File,15
19449,TF534,Display File,15
19450,TF535,Display File,15
19451,TF536,Display File,15
19513,TF705,Display File,8
19514,TF706,Display File,10
19515,TF712,Display File,9
19516,TF719,Display File,8
19517,TF724,Display File,10
19518,TF730,Display File,8
19519,TF732,Display File,8
19520,TF733,Display File,10
19521,TF744,Display File,10
19523,TF796,Display File,8
19851,ZZHP204,Database File,2
